1185660.4.peg.1000	Ribosome LSU bacterial
1185660.4.peg.1001	Ribosome LSU bacterial
1185660.4.peg.1002	Ribosome LSU bacterial
1185660.4.peg.1003	Ribosome LSU bacterial
1185660.4.peg.1004	Ribosome SSU bacterial
1185660.4.peg.1005	Ribosome LSU bacterial
1185660.4.peg.1006	Ribosome SSU bacterial
1185660.4.peg.1007	Ribosome LSU bacterial
1185660.4.peg.1008	Ribosome LSU bacterial
1185660.4.peg.1009	Ribosome SSU bacterial
1185660.4.peg.1010	Ribosome LSU bacterial
1185660.4.peg.1011	Ribosome LSU bacterial
1185660.4.peg.1012	Ribosome LSU bacterial
1185660.4.peg.1013	Ribosome SSU bacterial; <br>Ribosome SSU bacterial
1185660.4.peg.1014	Ribosome SSU bacterial
1185660.4.peg.1015	Ribosome LSU bacterial
1185660.4.peg.1016	Ribosome LSU bacterial
1185660.4.peg.1017	Ribosomal protein S5p acylation; <br>Ribosome SSU bacterial
1185660.4.peg.1018	Ribosome LSU bacterial
1185660.4.peg.1019	Ribosome LSU bacterial
1185660.4.peg.1021	Ribosome SSU bacterial
1185660.4.peg.1022	Ribosome SSU bacterial
1185660.4.peg.1023	Ribosome SSU bacterial
1185660.4.peg.1024	RNA polymerase bacterial
1185660.4.peg.1025	Ribosome LSU bacterial
1185660.4.peg.1030	Chorismate Synthesis; <br>Common Pathway For Synthesis of Aromatic Compounds (DAHP synthase to chorismate)
1185660.4.peg.1032	- none -
1185660.4.peg.1036	Glyoxylate bypass; <br>Serine-glyoxylate cycle; <br>TCA Cycle
1185660.4.peg.1045	Glycine Biosynthesis; <br>Glycine and Serine Utilization
1185660.4.peg.1046	Cysteine Biosynthesis; <br>Inorganic Sulfur Assimilation
1185660.4.peg.1047	Cysteine Biosynthesis; <br>Inorganic Sulfur Assimilation
1185660.4.peg.1048	Cysteine Biosynthesis; <br>Inorganic Sulfur Assimilation
1185660.4.peg.1049	Cysteine Biosynthesis; <br>Inorganic Sulfur Assimilation; <br>Uptake of selenate and selenite
1185660.4.peg.1051	Glycine Biosynthesis; <br>Threonine degradation
1185660.4.peg.1053	- none -
1185660.4.peg.1057	Colicin V and Bacteriocin Production Cluster; <br>Colicin V and Bacteriocin Production Cluster; <br>Folate Biosynthesis; <br>Folate Biosynthesis
1185660.4.peg.1060	Colicin V and Bacteriocin Production Cluster; <br>De Novo Purine Biosynthesis
1185660.4.peg.1066	KDO2-Lipid A biosynthesis; <br>Llipid A biosynthesis cluster
1185660.4.peg.1071	High affinity phosphate transporter and control of PHO regulon; <br>Phosphate metabolism; <br>Polyphosphate; <br>Purine conversions
1185660.4.peg.1077	TCA Cycle
1185660.4.peg.1088	CBSS-228410.1.peg.134; <br>CBSS-342610.3.peg.1536; <br>Glutathione: Non-redox reactions; <br>Methylglyoxal Metabolism
1185660.4.peg.109	Lactate utilization; <br>Respiratory dehydrogenases 1
1185660.4.peg.1094	- none -
1185660.4.peg.1095	- none -
1185660.4.peg.1107	Glycine and Serine Utilization; <br>Threonine degradation
1185660.4.peg.1112	Fatty Acid Biosynthesis FASII
1185660.4.peg.1114	Biotin biosynthesis; <br>Biotin biosynthesis Experimental; <br>Biotin synthesis cluster
1185660.4.peg.1115	Biotin biosynthesis; <br>Biotin biosynthesis Experimental; <br>Biotin synthesis cluster
1185660.4.peg.1127	DNA processing cluster
1185660.4.peg.1130	CBSS-176299.4.peg.1996A; <br>pyrimidine conversions
1185660.4.peg.1139	Ribosome LSU bacterial
1185660.4.peg.1140	Fatty Acid Biosynthesis FASII
1185660.4.peg.1142	Fatty Acid Biosynthesis FASII
1185660.4.peg.1143	Fatty Acid Biosynthesis FASII
1185660.4.peg.1145	- none -
1185660.4.peg.1146	Chorismate: Intermediate for synthesis of Tryptophan, PAPA antibiotics, PABA, 3-hydroxyanthranilate and more.; <br>Folate Biosynthesis
1185660.4.peg.1148	- none -
1185660.4.peg.1153	Methylcitrate cycle; <br>Propionate-CoA to Succinate Module
1185660.4.peg.1154	Methylcitrate cycle; <br>Propionate-CoA to Succinate Module
1185660.4.peg.1155	Methylcitrate cycle; <br>Propionate-CoA to Succinate Module
1185660.4.peg.1160	Purine conversions; <br>Queuosine-Archaeosine Biosynthesis
1185660.4.peg.1164	CBSS-176299.4.peg.1996A; <br>Glycerol and Glycerol-3-phosphate Uptake and Utilization
1185660.4.peg.1169	- none -
1185660.4.peg.117	Homogentisate pathway of aromatic compound degradation; <br>Pterin carbinolamine dehydratase
1185660.4.peg.1178	Purine conversions
1185660.4.peg.118	Glycolysis and Gluconeogenesis
1185660.4.peg.1206	Thioredoxin-disulfide reductase; <br>pyrimidine conversions
1185660.4.peg.1207	Thioredoxin-disulfide reductase; <br>pyrimidine conversions
1185660.4.peg.1209	- none -
1185660.4.peg.1213	Purine Utilization
1185660.4.peg.1226	Phage replication
1185660.4.peg.1228	Ammonia assimilation; <br>Glutamine, Glutamate, Aspartate and Asparagine Biosynthesis
1185660.4.peg.1241	Ubiquinone Biosynthesis; <br>Ubiquinone Biosynthesis - gjo
1185660.4.peg.1275	Potassium homeostasis
1185660.4.peg.1278	Ubiquinone Biosynthesis; <br>Ubiquinone Biosynthesis - gjo
1185660.4.peg.1286	Ammonia assimilation; <br>CBSS-312309.3.peg.1965
1185660.4.peg.1287	Lysine Biosynthesis DAP Pathway; <br>Lysine Biosynthesis DAP Pathway, GJO scratch
1185660.4.peg.1289	A Glutathione-dependent Thiol Reductase Associated with a Step in Lysine Biosynthesis; <br>Arginine Biosynthesis -- gjo; <br>Arginine Biosynthesis extended; <br>Lysine Biosynthesis DAP Pathway; <br>Lysine Biosynthesis DAP Pathway, GJO scratch
1185660.4.peg.1291	Glutamate and Aspartate uptake in Bacteria; <br>Glutamine, Glutamate, Aspartate and Asparagine Biosynthesis
1185660.4.peg.1298	- none -
1185660.4.peg.1299	DNA topoisomerases, Type II, ATP-dependent; <br>Resistance to fluoroquinolones
1185660.4.peg.1300	DNA topoisomerases, Type II, ATP-dependent; <br>Resistance to fluoroquinolones
1185660.4.peg.1308	- none -
1185660.4.peg.131	Trehalose Biosynthesis
1185660.4.peg.1321	Biogenesis of cytochrome c oxidases; <br>Inorganic Sulfur Assimilation
1185660.4.peg.1324	Serine-glyoxylate cycle; <br>TCA Cycle
1185660.4.peg.1327	Zinc regulated enzymes
1185660.4.peg.1329	Triacylglycerol metabolism
1185660.4.peg.1337	- none -
1185660.4.peg.1339	Glutamate and Aspartate uptake in Bacteria; <br>Glutamine, Glutamate, Aspartate and Asparagine Biosynthesis
1185660.4.peg.1376	Pyridoxin (Vitamin B6) Biosynthesis
1185660.4.peg.1377	Chorismate Synthesis; <br>Phenylalanine and Tyrosine Branches from Chorismate
1185660.4.peg.138	Biphenyl Degradation
1185660.4.peg.1386	Dehydrogenase complexes; <br>TCA Cycle
1185660.4.peg.1387	Dehydrogenase complexes; <br>TCA Cycle
1185660.4.peg.1388	Dehydrogenase complexes; <br>TCA Cycle
1185660.4.peg.1389	Dehydrogenase complexes; <br>TCA Cycle
1185660.4.peg.139	TRAP Transporter collection
1185660.4.peg.1394	De Novo Purine Biosynthesis; <br>Purine conversions
1185660.4.peg.1397	TCA Cycle
1185660.4.peg.14	- none -
1185660.4.peg.1406	- none -
1185660.4.peg.1413	Mannose Metabolism
1185660.4.peg.1415	Methionine Biosynthesis
1185660.4.peg.1417	Methionine Biosynthesis
1185660.4.peg.1419	- none -
1185660.4.peg.1420	- none -
1185660.4.peg.1429	High affinity phosphate transporter and control of PHO regulon; <br>Phosphate metabolism
1185660.4.peg.1430	High affinity phosphate transporter and control of PHO regulon; <br>Phosphate metabolism
1185660.4.peg.1431	High affinity phosphate transporter and control of PHO regulon; <br>Phosphate metabolism
1185660.4.peg.1432	High affinity phosphate transporter and control of PHO regulon; <br>PhoR-PhoB two-component regulatory system; <br>Phosphate metabolism
1185660.4.peg.1434	High affinity phosphate transporter and control of PHO regulon; <br>PhoR-PhoB two-component regulatory system; <br>Phosphate metabolism
1185660.4.peg.1437	Zinc regulated enzymes
1185660.4.peg.144	D-Galacturonate and D-Glucuronate Utilization
1185660.4.peg.1440	Acetyl-CoA fermentation to Butyrate; <br>Butanol Biosynthesis; <br>Butyrate metabolism cluster; <br>Fatty acid metabolism cluster; <br>Isoleucine degradation; <br>Polyhydroxybutyrate metabolism; <br>Valine degradation
1185660.4.peg.1448	Arginine Biosynthesis -- gjo; <br>Arginine Biosynthesis extended
1185660.4.peg.145	D-Galacturonate and D-Glucuronate Utilization
1185660.4.peg.1451	NAD and NADP cofactor biosynthesis global
1185660.4.peg.1452	Purine conversions; <br>pyrimidine conversions
1185660.4.peg.1457	NAD and NADP cofactor biosynthesis global
1185660.4.peg.1458	NAD and NADP cofactor biosynthesis global
1185660.4.peg.1461	NAD and NADP cofactor biosynthesis global
1185660.4.peg.1462	Zinc regulated enzymes
1185660.4.peg.147	- none -
1185660.4.peg.1475	CBSS-349161.4.peg.2417; <br>Macromolecular synthesis operon
1185660.4.peg.1480	tRNA aminoacylation, Asp and Asn
1185660.4.peg.1482	Ribosome SSU bacterial
1185660.4.peg.1483	Ribosome SSU bacterial; <br>Ribosome SSU bacterial
1185660.4.peg.1484	Ribosome LSU bacterial
1185660.4.peg.1485	DNA structural proteins, bacterial
1185660.4.peg.1488	Phenylalanine and Tyrosine Branches from Chorismate
1185660.4.peg.1489	CBSS-393121.3.peg.1913; <br>DNA Repair Base Excision
1185660.4.peg.149	Aromatic amino acid degradation; <br>Pterin carbinolamine dehydratase
1185660.4.peg.1492	Methionine Salvage
1185660.4.peg.1493	Cell Division Subsystem including YidCD; <br>DNA gyrase subunits; <br>DNA replication cluster 1; <br>DNA topoisomerases, Type II, ATP-dependent; <br>Resistance to fluoroquinolones
1185660.4.peg.1496	Histidine Degradation
1185660.4.peg.1497	Histidine Degradation
1185660.4.peg.1498	Histidine Degradation
1185660.4.peg.1499	Histidine Degradation
1185660.4.peg.1500	Histidine Degradation
1185660.4.peg.1509	Glycine and Serine Utilization; <br>Pyridoxin (Vitamin B6) Biosynthesis; <br>Serine Biosynthesis
1185660.4.peg.1510	Chorismate Synthesis; <br>Chorismate Synthesis; <br>Phenylalanine and Tyrosine Branches from Chorismate; <br>Phenylalanine and Tyrosine Branches from Chorismate
1185660.4.peg.1511	Chorismate Synthesis; <br>Common Pathway For Synthesis of Aromatic Compounds (DAHP synthase to chorismate)
1185660.4.peg.1515	Glycine and Serine Utilization; <br>tRNA aminoacylation, Ser
1185660.4.peg.1529	L-fucose utilization temp
1185660.4.peg.1531	Galactosylceramide and Sulfatide metabolism; <br>Lactose utilization
1185660.4.peg.1532	Galactosylceramide and Sulfatide metabolism; <br>Lactose utilization
1185660.4.peg.1536	Valine degradation
1185660.4.peg.1537	Isoleucine degradation; <br>Leucine Degradation and HMG-CoA Metabolism; <br>Valine degradation
1185660.4.peg.1538	Isoleucine degradation; <br>Valine degradation
1185660.4.peg.1539	Valine degradation
1185660.4.peg.1540	Valine degradation
1185660.4.peg.1542	Cobalt-zinc-cadmium resistance
1185660.4.peg.1548	Acetyl-CoA fermentation to Butyrate; <br>Acetyl-CoA fermentation to Butyrate; <br>Acetyl-CoA fermentation to Butyrate; <br>Butanol Biosynthesis; <br>Butyrate metabolism cluster; <br>Butyrate metabolism cluster; <br>Fatty acid metabolism cluster; <br>Fatty acid metabolism cluster; <br>Fatty acid metabolism cluster; <br>Isoleucine degradation; <br>Isoleucine degradation; <br>Polyhydroxybutyrate metabolism; <br>Polyhydroxybutyrate metabolism; <br>Polyhydroxybutyrate metabolism; <br>Valine degradation; <br>Valine degradation
1185660.4.peg.1556	CBSS-176299.4.peg.1292; <br>RNA processing and degradation, bacterial
1185660.4.peg.1567	Cell division-ribosomal stress proteins cluster; <br>Folate biosynthesis cluster; <br>Purine conversions
1185660.4.peg.1568	Methionine Salvage
1185660.4.peg.1581	Acetyl-CoA fermentation to Butyrate; <br>Biotin biosynthesis; <br>Biotin synthesis cluster; <br>Butanol Biosynthesis; <br>Butyrate metabolism cluster; <br>Fatty acid metabolism cluster; <br>Isoleucine degradation; <br>Isoprenoid Biosynthesis; <br>Polyhydroxybutyrate metabolism; <br>Polyhydroxybutyrate metabolism; <br>Serine-glyoxylate cycle; <br>Serine-glyoxylate cycle
1185660.4.peg.1583	Leucine Degradation and HMG-CoA Metabolism
1185660.4.peg.1584	Proline, 4-hydroxyproline uptake and utilization
1185660.4.peg.159	Choline and Betaine Uptake and Betaine Biosynthesis
1185660.4.peg.160	Choline and Betaine Uptake and Betaine Biosynthesis
1185660.4.peg.162	Alanine biosynthesis; <br>CBSS-84588.1.peg.1247; <br>Iron-sulfur cluster assembly; <br>mnm5U34 biosynthesis bacteria; <br>tRNA modification Bacteria
1185660.4.peg.1624	Glycine and Serine Utilization; <br>Serine Biosynthesis; <br>Serine Biosynthesis
1185660.4.peg.1625	Scaffold proteins for [4Fe-4S] cluster assembly (MRP family); <br>tRNA aminoacylation, Met
1185660.4.peg.1633	Methionine Biosynthesis; <br>S-methylmethionine
1185660.4.peg.1647	Fatty Acid Biosynthesis FASII
1185660.4.peg.1648	Phage replication
1185660.4.peg.1650	KDO2-Lipid A biosynthesis; <br>Llipid A biosynthesis cluster
1185660.4.peg.1651	KDO2-Lipid A biosynthesis; <br>Llipid A biosynthesis cluster
1185660.4.peg.1653	KDO2-Lipid A biosynthesis; <br>Llipid A biosynthesis cluster
1185660.4.peg.1657	CBSS-83331.1.peg.3039; <br>Isoprenoid Biosynthesis; <br>Nonmevalonate Branch of Isoprenoid Biosynthesis
1185660.4.peg.1658	CBSS-316407.3.peg.1371; <br>Glycerolipid and Glycerophospholipid Metabolism in Bacteria
1185660.4.peg.1659	CBSS-83331.1.peg.3039; <br>Isoprenoid Biosynthesis; <br>Isoprenoinds for Quinones; <br>Polyprenyl Diphosphate Biosynthesis
1185660.4.peg.1664	CBSS-312309.3.peg.1965; <br>Ribosome SSU bacterial; <br>Ribosome recycling related cluster
1185660.4.peg.1672	CBSS-312309.3.peg.1965; <br>Translation termination factors bacterial
1185660.4.peg.1684	CBSS-349161.4.peg.2417; <br>Macromolecular synthesis operon
1185660.4.peg.17	Glycine and Serine Utilization; <br>Pyridoxin (Vitamin B6) Biosynthesis; <br>Serine Biosynthesis
1185660.4.peg.1705	Salicylate and gentisate catabolism; <br>Salicylate ester degradation
1185660.4.peg.1747	Pyridoxin (Vitamin B6) Biosynthesis
1185660.4.peg.1751	Phosphate metabolism
1185660.4.peg.1754	DNA topoisomerases, Type II, ATP-dependent; <br>Resistance to fluoroquinolones
1185660.4.peg.1757	CTP synthase (EC 6.3.4.2) cluster; <br>pyrimidine conversions
1185660.4.peg.1759	A Gammaproteobacteria Cluster Relating to Translation; <br>KDO2-Lipid A biosynthesis
1185660.4.peg.176	Glycerolipid and Glycerophospholipid Metabolism in Bacteria
1185660.4.peg.1761	Entner-Doudoroff Pathway; <br>Glycolysis and Gluconeogenesis; <br>Serine-glyoxylate cycle
1185660.4.peg.1763	Isoprenoid Biosynthesis; <br>Nonmevalonate Branch of Isoprenoid Biosynthesis; <br>Stationary phase repair cluster
1185660.4.peg.1764	Isoprenoid Biosynthesis; <br>Nonmevalonate Branch of Isoprenoid Biosynthesis; <br>Stationary phase repair cluster
1185660.4.peg.1767	Housecleaning nucleoside triphosphate pyrophosphatases; <br>Stationary phase repair cluster
1185660.4.peg.1775	Folate Biosynthesis; <br>Folate biosynthesis cluster
1185660.4.peg.1776	tRNA modification Bacteria; <br>tRNA processing
1185660.4.peg.178	cAMP signaling in bacteria
1185660.4.peg.1781	Ubiquinone Biosynthesis; <br>Ubiquinone Biosynthesis - gjo
1185660.4.peg.1786	Cluster containing Alanyl-tRNA synthetase; <br>tRNA aminoacylation, Ala
1185660.4.peg.1793	5-FCL-like protein; <br>Thiamin biosynthesis
1185660.4.peg.180	5-FCL-like protein; <br>Butanol Biosynthesis; <br>Glycerolipid and Glycerophospholipid Metabolism in Bacteria
1185660.4.peg.1803	D-galactonate catabolism
1185660.4.peg.1804	- none -
1185660.4.peg.1805	D-galactonate catabolism; <br>Muconate lactonizing enzyme family
1185660.4.peg.1806	D-galactonate catabolism
1185660.4.peg.181	- none -
1185660.4.peg.1812	Galactosylceramide and Sulfatide metabolism; <br>Lactose utilization
1185660.4.peg.1813	Maltose and Maltodextrin Utilization
1185660.4.peg.1815	Xylose utilization
1185660.4.peg.1816	Xylose utilization
1185660.4.peg.1817	Xylose utilization
1185660.4.peg.182	Ammonia assimilation; <br>Glutamine, Glutamate, Aspartate and Asparagine Biosynthesis; <br>Glutamine synthetases; <br>Peptidoglycan Biosynthesis
1185660.4.peg.1822	Murein Hydrolases; <br>Recycling of Peptidoglycan Amino Acids; <br>Zinc regulated enzymes
1185660.4.peg.1823	Folate Biosynthesis; <br>Queuosine-Archaeosine Biosynthesis; <br>Zinc regulated enzymes
1185660.4.peg.1825	Folate Biosynthesis; <br>Folate biosynthesis cluster
1185660.4.peg.1826	Coenzyme A Biosynthesis; <br>Coenzyme A Biosynthesis cluster
1185660.4.peg.1827	Coenzyme A Biosynthesis; <br>Coenzyme A Biosynthesis cluster; <br>Folate biosynthesis cluster
1185660.4.peg.1828	Coenzyme A Biosynthesis; <br>Coenzyme A Biosynthesis cluster; <br>Folate biosynthesis cluster
1185660.4.peg.1829	Glycolysis and Gluconeogenesis
1185660.4.peg.1832	Phosphate metabolism
1185660.4.peg.1833	- none -
1185660.4.peg.1837	- none -
1185660.4.peg.184	Ammonia assimilation
1185660.4.peg.1843	CBSS-498211.3.peg.1415; <br>CBSS-83331.1.peg.3039; <br>Isoprenoid Biosynthesis; <br>Nonmevalonate Branch of Isoprenoid Biosynthesis
1185660.4.peg.1846	Glutamine, Glutamate, Aspartate and Asparagine Biosynthesis
1185660.4.peg.1848	Peptidoglycan Biosynthesis; <br>UDP-N-acetylmuramate from Fructose-6-phosphate Biosynthesis
1185660.4.peg.1849	De Novo Pyrimidine Synthesis
1185660.4.peg.1853	Glycerolipid and Glycerophospholipid Metabolism in Bacteria; <br>Methylglyoxal Metabolism
1185660.4.peg.1860	CBSS-216591.1.peg.168; <br>Lysine Biosynthesis DAP Pathway; <br>Lysine Biosynthesis DAP Pathway, GJO scratch; <br>Methionine Biosynthesis; <br>Threonine and Homoserine Biosynthesis; <br>Threonine and Homoserine Biosynthesis
1185660.4.peg.1861	CBSS-269482.1.peg.1294; <br>Methionine Biosynthesis; <br>Threonine and Homoserine Biosynthesis
1185660.4.peg.1865	Threonine and Homoserine Biosynthesis
1185660.4.peg.187	Oxidative stress; <br>Protection from Reactive Oxygen Species
1185660.4.peg.1870	CBSS-498211.3.peg.1415; <br>tRNA aminoacylation, His
1185660.4.peg.1872	Histidine Biosynthesis; <br>Riboflavin synthesis cluster
1185660.4.peg.1873	Histidine Biosynthesis
1185660.4.peg.1874	Histidine Biosynthesis
1185660.4.peg.1875	Histidine Biosynthesis; <br>Histidine Biosynthesis
1185660.4.peg.1876	Histidine Biosynthesis
1185660.4.peg.1877	Chorismate: Intermediate for synthesis of Tryptophan, PAPA antibiotics, PABA, 3-hydroxyanthranilate and more.; <br>Histidine Biosynthesis
1185660.4.peg.1878	Histidine Biosynthesis
1185660.4.peg.1879	Histidine Biosynthesis; <br>Histidine Biosynthesis; <br>Riboflavin synthesis cluster; <br>Zinc regulated enzymes
1185660.4.peg.188	Oxidative stress; <br>Protection from Reactive Oxygen Species
1185660.4.peg.1883	Methionine Salvage
1185660.4.peg.1884	Methionine Salvage
1185660.4.peg.1885	Methionine Salvage
1185660.4.peg.1888	Methionine Biosynthesis; <br>Methionine Degradation
1185660.4.peg.1889	Glycine and Serine Utilization; <br>Pyridoxin (Vitamin B6) Biosynthesis; <br>Serine Biosynthesis
1185660.4.peg.1896	HMG CoA Synthesis; <br>Leucine Degradation and HMG-CoA Metabolism
1185660.4.peg.1897	HMG CoA Synthesis; <br>Leucine Degradation and HMG-CoA Metabolism
1185660.4.peg.1900	HMG CoA Synthesis; <br>Leucine Degradation and HMG-CoA Metabolism
1185660.4.peg.1902	- none -
1185660.4.peg.1905	Alanine biosynthesis; <br>Pyruvate Alanine Serine Interconversions
1185660.4.peg.1908	De Novo Pyrimidine Synthesis; <br>Macromolecular synthesis operon
1185660.4.peg.1910	De Novo Pyrimidine Synthesis; <br>Macromolecular synthesis operon
1185660.4.peg.1917	tRNA aminoacylation, Lys
1185660.4.peg.1922	Biotin biosynthesis; <br>Biotin synthesis cluster; <br>Fatty acid metabolism cluster
1185660.4.peg.1925	Glyoxylate bypass; <br>Methylcitrate cycle; <br>Propionate-CoA to Succinate Module; <br>Propionate-CoA to Succinate Module; <br>Serine-glyoxylate cycle; <br>TCA Cycle
1185660.4.peg.1929	Catechol branch of beta-ketoadipate pathway; <br>Chloroaromatic degradation pathway; <br>Protocatechuate branch of beta-ketoadipate pathway
1185660.4.peg.193	Acetyl-CoA fermentation to Butyrate; <br>Biotin biosynthesis; <br>Biotin synthesis cluster; <br>Butanol Biosynthesis; <br>Butyrate metabolism cluster; <br>Fatty acid metabolism cluster; <br>Isoleucine degradation; <br>Isoprenoid Biosynthesis; <br>Polyhydroxybutyrate metabolism; <br>Polyhydroxybutyrate metabolism; <br>Serine-glyoxylate cycle; <br>Serine-glyoxylate cycle
1185660.4.peg.196	Heme and Siroheme Biosynthesis
1185660.4.peg.1976	- none -
1185660.4.peg.1978	- none -
1185660.4.peg.1988	Methionine Biosynthesis
1185660.4.peg.1990	Terminal cytochrome d ubiquinol oxidases; <br>Terminal cytochrome oxidases
1185660.4.peg.1991	Terminal cytochrome d ubiquinol oxidases; <br>Terminal cytochrome oxidases
1185660.4.peg.1992	Terminal cytochrome d ubiquinol oxidases; <br>Terminal cytochrome oxidases
1185660.4.peg.1993	Bacterial RNA-metabolizing Zn-dependent hydrolases; <br>Conserved gene cluster associated with Met-tRNA formyltransferase; <br>Terminal cytochrome d ubiquinol oxidases; <br>Terminal cytochrome oxidases
1185660.4.peg.1998	Proline Synthesis
1185660.4.peg.1999	Proline Synthesis; <br>Proline Synthesis
1185660.4.peg.2001	Arginine Biosynthesis -- gjo; <br>Arginine Biosynthesis extended
1185660.4.peg.2002	Arginine Biosynthesis -- gjo; <br>Arginine Biosynthesis extended
1185660.4.peg.2003	Arginine Biosynthesis -- gjo; <br>Arginine Biosynthesis extended
1185660.4.peg.2004	Arginine Biosynthesis -- gjo; <br>Arginine Biosynthesis extended
1185660.4.peg.2005	Arginine Biosynthesis -- gjo; <br>Arginine Biosynthesis extended
1185660.4.peg.2007	Arginine Biosynthesis -- gjo; <br>Arginine Biosynthesis extended
1185660.4.peg.2008	Arginine Biosynthesis -- gjo; <br>Arginine Biosynthesis extended
1185660.4.peg.2010	Zinc regulated enzymes; <br>tRNA aminoacylation, Cys
1185660.4.peg.2015	De Novo Pyrimidine Synthesis; <br>Zinc regulated enzymes
1185660.4.peg.2018	- none -
1185660.4.peg.2019	- none -
1185660.4.peg.202	Glutaredoxin 3 containing cluster; <br>Glycerol and Glycerol-3-phosphate Uptake and Utilization; <br>Glycerolipid and Glycerophospholipid Metabolism in Bacteria
1185660.4.peg.2020	- none -
1185660.4.peg.2023	Pyridoxin (Vitamin B6) Biosynthesis
1185660.4.peg.2028	- none -
1185660.4.peg.2036	- none -
1185660.4.peg.2037	Oxidative stress; <br>Protection from Reactive Oxygen Species
1185660.4.peg.204	Pyruvate metabolism II: acetyl-CoA, acetogenesis from pyruvate
1185660.4.peg.2042	Purine conversions; <br>cAMP signaling in bacteria
1185660.4.peg.2053	Acetyl-CoA fermentation to Butyrate; <br>Polyhydroxybutyrate metabolism; <br>Serine-glyoxylate cycle
1185660.4.peg.2057	Murein Hydrolases; <br>Recycling of Peptidoglycan Amino Acids; <br>Zinc regulated enzymes
1185660.4.peg.2080	Ubiquinone Menaquinone-cytochrome c reductase complexes
1185660.4.peg.2081	Ubiquinone Menaquinone-cytochrome c reductase complexes
1185660.4.peg.2085	Pterin carbinolamine dehydratase
1185660.4.peg.2089	RNA pseudouridine syntheses; <br>Ribosome biogenesis bacterial
1185660.4.peg.2098	Magnesium transport
1185660.4.peg.2099	- none -
1185660.4.peg.2101	Polyamine Metabolism
1185660.4.peg.2102	GABA and putrescine metabolism from cluters; <br>Polyamine Metabolism
1185660.4.peg.2103	GABA and putrescine metabolism from cluters; <br>Polyamine Metabolism
1185660.4.peg.2108	GABA and putrescine metabolism from cluters; <br>Pyruvate Alanine Serine Interconversions
1185660.4.peg.2120	Formate hydrogenase
1185660.4.peg.2121	Formate hydrogenase
1185660.4.peg.2124	GABA and putrescine metabolism from cluters; <br>Pyruvate Alanine Serine Interconversions
1185660.4.peg.2135	Glutamate dehydrogenases; <br>Glutamine, Glutamate, Aspartate and Asparagine Biosynthesis
1185660.4.peg.2139	Fructose utilization
1185660.4.peg.2140	Fructose utilization
1185660.4.peg.2141	Fructose utilization; <br>Fructose utilization
1185660.4.peg.2152	CBSS-211586.1.peg.2832; <br>Queuosine-Archaeosine Biosynthesis; <br>Scaffold proteins for [4Fe-4S] cluster assembly (MRP family); <br>tRNA modification Bacteria
1185660.4.peg.2157	Arginine Biosynthesis -- gjo; <br>Arginine Biosynthesis extended; <br>Arginine and Ornithine Degradation; <br>Arginine and Ornithine Degradation; <br>Lysine Biosynthesis DAP Pathway; <br>Lysine Biosynthesis DAP Pathway, GJO scratch
1185660.4.peg.2162	De Novo Pyrimidine Synthesis; <br>pyrimidine conversions
1185660.4.peg.2166	Glutathione: Biosynthesis and gamma-glutamyl cycle
1185660.4.peg.2169	CBSS-266117.6.peg.1260; <br>CBSS-269801.1.peg.1715; <br>Coenzyme A Biosynthesis
1185660.4.peg.2203	Pyridoxin (Vitamin B6) Biosynthesis
1185660.4.peg.2204	Coenzyme B12 biosynthesis; <br>Heme and Siroheme Biosynthesis
1185660.4.peg.2205	Nitrate and nitrite ammonification
1185660.4.peg.2206	Nitrate and nitrite ammonification
1185660.4.peg.2207	Nitrate and nitrite ammonification
1185660.4.peg.2210	Heme and Siroheme Biosynthesis; <br>Heme and Siroheme Biosynthesis
1185660.4.peg.2232	CBSS-498211.3.peg.1415; <br>Purine conversions; <br>pyrimidine conversions
1185660.4.peg.2234	Acetyl-CoA fermentation to Butyrate; <br>Acetyl-CoA fermentation to Butyrate; <br>Butanol Biosynthesis; <br>Butyrate metabolism cluster; <br>Butyrate metabolism cluster; <br>Fatty acid metabolism cluster; <br>Fatty acid metabolism cluster; <br>Isoleucine degradation; <br>Isoleucine degradation; <br>Polyhydroxybutyrate metabolism; <br>Polyhydroxybutyrate metabolism; <br>Valine degradation; <br>Valine degradation
1185660.4.peg.2235	Acetyl-CoA fermentation to Butyrate; <br>Biotin biosynthesis; <br>Biotin synthesis cluster; <br>Butanol Biosynthesis; <br>Butyrate metabolism cluster; <br>Fatty acid metabolism cluster; <br>Isoleucine degradation; <br>Isoprenoid Biosynthesis; <br>Polyhydroxybutyrate metabolism; <br>Polyhydroxybutyrate metabolism; <br>Serine-glyoxylate cycle; <br>Serine-glyoxylate cycle
1185660.4.peg.224	Ubiquinone Biosynthesis; <br>Ubiquinone Biosynthesis - gjo
1185660.4.peg.2243	Thioredoxin-disulfide reductase; <br>pyrimidine conversions
1185660.4.peg.2256	- none -
1185660.4.peg.2283	- none -
1185660.4.peg.2286	Arginine Biosynthesis -- gjo; <br>Arginine Biosynthesis extended
1185660.4.peg.231	Omega peptidases (EC 3.4.19.-); <br>Protein degradation
1185660.4.peg.2313	BarA-UvrY(SirA) two-component regulatory system; <br>CBSS-316407.3.peg.1371; <br>Glycerolipid and Glycerophospholipid Metabolism in Bacteria
1185660.4.peg.2317	KDO2-Lipid A biosynthesis; <br>KDO2-Lipid A biosynthesis cluster 2
1185660.4.peg.2318	KDO2-Lipid A biosynthesis; <br>KDO2-Lipid A biosynthesis cluster 2
1185660.4.peg.2328	5-FCL-like protein; <br>Serine-glyoxylate cycle; <br>Succinate dehydrogenase; <br>TCA Cycle
1185660.4.peg.2330	Serine-glyoxylate cycle; <br>Succinate dehydrogenase; <br>TCA Cycle
1185660.4.peg.2331	Succinate dehydrogenase
1185660.4.peg.2332	Succinate dehydrogenase
1185660.4.peg.2334	Maltose and Maltodextrin Utilization
1185660.4.peg.2336	Entner-Doudoroff Pathway; <br>Pentose phosphate pathway
1185660.4.peg.2337	Entner-Doudoroff Pathway; <br>Glycolysis and Gluconeogenesis
1185660.4.peg.2338	Entner-Doudoroff Pathway; <br>Pentose phosphate pathway
1185660.4.peg.2339	Entner-Doudoroff Pathway
1185660.4.peg.2340	D-Galacturonate and D-Glucuronate Utilization; <br>Entner-Doudoroff Pathway
1185660.4.peg.2356	Glycerolipid and Glycerophospholipid Metabolism in Bacteria
1185660.4.peg.2357	Polyhydroxybutyrate metabolism
1185660.4.peg.2361	A Hypothetical that Clusters with PEP Synthase; <br>Glycolysis and Gluconeogenesis; <br>Pyruvate metabolism I: anaplerotic reactions, PEP
1185660.4.peg.2366	- none -
1185660.4.peg.2385	Respiratory Complex I
1185660.4.peg.2389	5-FCL-like protein; <br>Butanol Biosynthesis; <br>Glycerolipid and Glycerophospholipid Metabolism in Bacteria
1185660.4.peg.2392	Purine conversions
1185660.4.peg.2393	Purine conversions; <br>Purine salvage cluster
1185660.4.peg.2394	5-FCL-like protein; <br>One-carbon metabolism by tetrahydropterines; <br>One-carbon metabolism by tetrahydropterines; <br>Serine-glyoxylate cycle; <br>Serine-glyoxylate cycle
1185660.4.peg.2398	- none -
1185660.4.peg.2405	pyrimidine conversions
1185660.4.peg.2406	Ribosome LSU bacterial
1185660.4.peg.2408	Arginine and Ornithine Degradation; <br>Polyamine Metabolism
1185660.4.peg.241	Glyoxylate bypass; <br>Glyoxylate bypass cluster
1185660.4.peg.2410	Arginine and Ornithine Degradation; <br>Polyamine Metabolism
1185660.4.peg.242	Glyoxylate bypass; <br>Glyoxylate bypass cluster; <br>Serine-glyoxylate cycle
1185660.4.peg.2423	- none -
1185660.4.peg.2424	CBSS-203122.12.peg.188
1185660.4.peg.2440	Salicylate and gentisate catabolism; <br>Salicylate ester degradation
1185660.4.peg.245	cAMP signaling in bacteria
1185660.4.peg.2464	D-Galacturonate and D-Glucuronate Utilization; <br>Proline, 4-hydroxyproline uptake and utilization; <br>Xylose utilization
1185660.4.peg.2465	Proline, 4-hydroxyproline uptake and utilization
1185660.4.peg.247	cAMP signaling in bacteria
1185660.4.peg.2487	Isoprenoid Biosynthesis; <br>Nonmevalonate Branch of Isoprenoid Biosynthesis; <br>Pyridoxin (Vitamin B6) Biosynthesis; <br>Thiamin biosynthesis
1185660.4.peg.2496	Xanthan Exopolysaccharide Biosynthesis and Export
1185660.4.peg.2497	Xanthan Exopolysaccharide Biosynthesis and Export
1185660.4.peg.2498	Xanthan Exopolysaccharide Biosynthesis and Export
1185660.4.peg.2499	Xanthan Exopolysaccharide Biosynthesis and Export
1185660.4.peg.2500	Xanthan Exopolysaccharide Biosynthesis and Export
1185660.4.peg.2501	Xanthan Exopolysaccharide Biosynthesis and Export
1185660.4.peg.2502	Xanthan Exopolysaccharide Biosynthesis and Export
1185660.4.peg.2503	Xanthan Exopolysaccharide Biosynthesis and Export
1185660.4.peg.2504	Xanthan Exopolysaccharide Biosynthesis and Export
1185660.4.peg.2505	Xanthan Exopolysaccharide Biosynthesis and Export
1185660.4.peg.2506	Xanthan Exopolysaccharide Biosynthesis and Export
1185660.4.peg.2507	Xanthan Exopolysaccharide Biosynthesis and Export
1185660.4.peg.2510	tRNA aminoacylation, Phe
1185660.4.peg.2511	tRNA aminoacylation, Phe
1185660.4.peg.2513	Mycobacterium virulence operon involved in protein synthesis (LSU ribosomal proteins); <br>Ribosome LSU bacterial
1185660.4.peg.2514	Mycobacterium virulence operon involved in protein synthesis (LSU ribosomal proteins); <br>Ribosome LSU bacterial
1185660.4.peg.2516	tRNA aminoacylation, Thr
1185660.4.peg.2519	- none -
1185660.4.peg.2522	D-Galacturonate and D-Glucuronate Utilization; <br>Maltose and Maltodextrin Utilization
1185660.4.peg.2526	Maltose and Maltodextrin Utilization
1185660.4.peg.254	HMG CoA Synthesis; <br>Leucine Degradation and HMG-CoA Metabolism; <br>Serine-glyoxylate cycle
1185660.4.peg.255	HMG CoA Synthesis; <br>Leucine Degradation and HMG-CoA Metabolism; <br>Serine-glyoxylate cycle
1185660.4.peg.2559	CBSS-208964.1.peg.3988
1185660.4.peg.256	HMG CoA Synthesis; <br>Leucine Degradation and HMG-CoA Metabolism
1185660.4.peg.2561	CBSS-208964.1.peg.3988; <br>tRNA aminoacylation, Leu
1185660.4.peg.2584	Oxidative stress; <br>Protection from Reactive Oxygen Species
1185660.4.peg.2585	De Novo Purine Biosynthesis
1185660.4.peg.2586	De Novo Purine Biosynthesis
1185660.4.peg.2588	NAD and NADP cofactor biosynthesis global
1185660.4.peg.2592	Ribosome SSU bacterial
1185660.4.peg.2593	CBSS-138119.3.peg.2719; <br>RNA pseudouridine syntheses; <br>Riboflavin, FMN and FAD metabolism in plants; <br>tRNA modification Bacteria; <br>tRNA processing
1185660.4.peg.2596	NusA-TFII Cluster; <br>Transcription factors bacterial
1185660.4.peg.2598	NADH ubiquinone oxidoreductase; <br>Respiratory Complex I
1185660.4.peg.2599	NADH ubiquinone oxidoreductase; <br>Respiratory Complex I
1185660.4.peg.2600	NADH ubiquinone oxidoreductase; <br>Respiratory Complex I
1185660.4.peg.2601	NADH ubiquinone oxidoreductase; <br>Respiratory Complex I
1185660.4.peg.2602	NADH ubiquinone oxidoreductase; <br>Respiratory Complex I
1185660.4.peg.2603	NADH ubiquinone oxidoreductase; <br>Respiratory Complex I
1185660.4.peg.2604	NADH ubiquinone oxidoreductase; <br>Respiratory Complex I
1185660.4.peg.2605	NADH ubiquinone oxidoreductase; <br>Respiratory Complex I
1185660.4.peg.2606	NADH ubiquinone oxidoreductase; <br>Respiratory Complex I
1185660.4.peg.2607	NADH ubiquinone oxidoreductase; <br>Respiratory Complex I
1185660.4.peg.2608	NADH ubiquinone oxidoreductase; <br>Respiratory Complex I
1185660.4.peg.2609	NADH ubiquinone oxidoreductase; <br>Respiratory Complex I
1185660.4.peg.2610	NADH ubiquinone oxidoreductase; <br>Respiratory Complex I
1185660.4.peg.2611	NADH ubiquinone oxidoreductase; <br>Respiratory Complex I
1185660.4.peg.2612	Glycolysis and Gluconeogenesis
1185660.4.peg.2619	Sialic Acid Metabolism; <br>UDP-N-acetylmuramate from Fructose-6-phosphate Biosynthesis
1185660.4.peg.2620	Colicin V and Bacteriocin Production Cluster; <br>Fatty Acid Biosynthesis FASII
1185660.4.peg.2623	Chorismate: Intermediate for synthesis of Tryptophan, PAPA antibiotics, PABA, 3-hydroxyanthranilate and more.
1185660.4.peg.2625	Chorismate: Intermediate for synthesis of Tryptophan, PAPA antibiotics, PABA, 3-hydroxyanthranilate and more.
1185660.4.peg.2627	Chorismate: Intermediate for synthesis of Tryptophan, PAPA antibiotics, PABA, 3-hydroxyanthranilate and more.
1185660.4.peg.2628	Colicin V and Bacteriocin Production Cluster; <br>RNA pseudouridine syntheses; <br>tRNA modification Bacteria; <br>tRNA processing
1185660.4.peg.2630	Lysine Biosynthesis DAP Pathway; <br>Lysine Biosynthesis DAP Pathway, GJO scratch; <br>Threonine and Homoserine Biosynthesis
1185660.4.peg.2631	D-gluconate and ketogluconates metabolism; <br>Glycolate, glyoxylate interconversions; <br>Glycolate, glyoxylate interconversions; <br>Glycolate, glyoxylate interconversions
1185660.4.peg.2632	Chorismate Synthesis; <br>Common Pathway For Synthesis of Aromatic Compounds (DAHP synthase to chorismate)
1185660.4.peg.2635	Glycerolipid and Glycerophospholipid Metabolism in Bacteria
1185660.4.peg.2648	pyrimidine conversions
1185660.4.peg.2659	Glutathione: Redox cycle
1185660.4.peg.2660	GABA and putrescine metabolism from cluters; <br>Pyruvate Alanine Serine Interconversions; <br>Respiratory dehydrogenases 1
1185660.4.peg.2666	Glutamate and Aspartate uptake in Bacteria
1185660.4.peg.2668	Cell division-ribosomal stress proteins cluster; <br>Folate biosynthesis cluster; <br>tRNA modification Bacteria; <br>tRNA processing
1185660.4.peg.2670	Isoprenoid Biosynthesis; <br>Isoprenoid Biosynthesis; <br>Isoprenoid Biosynthesis: Interconversions; <br>Isoprenoinds for Quinones; <br>Isoprenoinds for Quinones; <br>Isoprenoinds for Quinones; <br>Polyprenyl Diphosphate Biosynthesis; <br>Polyprenyl Diphosphate Biosynthesis
1185660.4.peg.2692	Peptidoglycan Biosynthesis; <br>UDP-N-acetylmuramate from Fructose-6-phosphate Biosynthesis
1185660.4.peg.2694	KDO2-Lipid A biosynthesis; <br>Lipopolysaccharide assembly cluster
1185660.4.peg.2695	KDO2-Lipid A biosynthesis; <br>Lipopolysaccharide assembly cluster
1185660.4.peg.2704	- none -
1185660.4.peg.2706	Fructose utilization
1185660.4.peg.2742	Pyridoxin (Vitamin B6) Biosynthesis
1185660.4.peg.2743	Chorismate Synthesis; <br>Common Pathway For Synthesis of Aromatic Compounds (DAHP synthase to chorismate); <br>Type IV pilus
1185660.4.peg.2745	Heme and Siroheme Biosynthesis
1185660.4.peg.2756	Glycine and Serine Utilization; <br>Glycine and Serine Utilization; <br>Pyruvate Alanine Serine Interconversions; <br>Pyruvate Alanine Serine Interconversions
1185660.4.peg.2759	Methionine Biosynthesis; <br>Threonine and Homoserine Biosynthesis
1185660.4.peg.2760	Methionine Biosynthesis
1185660.4.peg.2761	Methionine Biosynthesis
1185660.4.peg.2762	Methionine Biosynthesis
1185660.4.peg.2768	Purine conversions; <br>Purine salvage cluster
1185660.4.peg.2776	- none -
1185660.4.peg.2778	Beta-lactamase
1185660.4.peg.2786	Glycine and Serine Utilization; <br>Glycine cleavage system
1185660.4.peg.2787	CBSS-87626.3.peg.3639; <br>Glycine and Serine Utilization; <br>Glycine cleavage system
1185660.4.peg.2792	Inorganic Sulfur Assimilation
1185660.4.peg.2793	Inorganic Sulfur Assimilation
1185660.4.peg.2795	Biotin biosynthesis; <br>Biotin biosynthesis Experimental; <br>Biotin synthesis cluster
1185660.4.peg.2797	Chitin and N-acetylglucosamine utilization
1185660.4.peg.2799	L-fucose utilization temp
1185660.4.peg.2801	Chitin and N-acetylglucosamine utilization
1185660.4.peg.2802	Mannose Metabolism
1185660.4.peg.2807	Galactosylceramide and Sulfatide metabolism; <br>Lactose utilization
1185660.4.peg.2814	Glutamine, Glutamate, Aspartate and Asparagine Biosynthesis
1185660.4.peg.2826	Cluster containing Glutathione synthetase; <br>Glutathione: Biosynthesis and gamma-glutamyl cycle; <br>Heat shock dnaK gene cluster extended
1185660.4.peg.2831	Beta-lactamase
1185660.4.peg.2837	Colicin V and Bacteriocin Production Cluster; <br>RNA pseudouridine syntheses; <br>tRNA modification Bacteria; <br>tRNA processing
1185660.4.peg.2843	Peptidoglycan Biosynthesis; <br>Type IV pilus
1185660.4.peg.2847	BarA-UvrY(SirA) two-component regulatory system; <br>CBSS-176299.4.peg.1292; <br>Stringent Response, (p)ppGpp metabolism
1185660.4.peg.285	RNA pseudouridine syntheses
1185660.4.peg.2853	Chitin and N-acetylglucosamine utilization
1185660.4.peg.2856	Oxidative stress; <br>Oxidative stress; <br>Oxidative stress
1185660.4.peg.2862	Colicin V and Bacteriocin Production Cluster; <br>RNA pseudouridine syntheses; <br>tRNA modification Bacteria; <br>tRNA processing
1185660.4.peg.2865	- none -
1185660.4.peg.2885	Cobalamin synthesis; <br>Coenzyme B12 biosynthesis
1185660.4.peg.2887	tRNA aminoacylation, Asp and Asn
1185660.4.peg.2892	- none -
1185660.4.peg.2895	Beta-lactamase
1185660.4.peg.29	5-FCL-like protein; <br>Butanol Biosynthesis; <br>Glycerolipid and Glycerophospholipid Metabolism in Bacteria
1185660.4.peg.2916	Cobalamin synthesis; <br>Coenzyme B12 biosynthesis
1185660.4.peg.2925	CBSS-216591.1.peg.168; <br>Cobalamin synthesis; <br>Coenzyme B12 biosynthesis; <br>Phosphoglycerate mutase protein family
1185660.4.peg.2926	Cobalamin synthesis; <br>Coenzyme B12 biosynthesis
1185660.4.peg.2927	Cobalamin synthesis; <br>Coenzyme B12 biosynthesis
1185660.4.peg.2928	Cobalamin synthesis; <br>Coenzyme B12 biosynthesis
1185660.4.peg.2929	Cobalamin synthesis; <br>Coenzyme B12 biosynthesis
1185660.4.peg.2932	Coenzyme B12 biosynthesis
1185660.4.peg.2947	Trehalose Biosynthesis
1185660.4.peg.2949	Trehalose Biosynthesis
1185660.4.peg.295	Pyruvate Alanine Serine Interconversions; <br>Serine-glyoxylate cycle
1185660.4.peg.2954	Sigma-B stress response cluster 1; <br>Sigma-B stress response cluster 1; <br>SigmaB stress responce regulation
1185660.4.peg.2968	Terminal cytochrome O ubiquinol oxidase; <br>Terminal cytochrome oxidases
1185660.4.peg.2969	Terminal cytochrome O ubiquinol oxidase; <br>Terminal cytochrome oxidases
1185660.4.peg.2970	Terminal cytochrome O ubiquinol oxidase; <br>Terminal cytochrome oxidases
1185660.4.peg.2971	Terminal cytochrome O ubiquinol oxidase; <br>Terminal cytochrome oxidases
1185660.4.peg.2972	Isoprenoid Biosynthesis; <br>Nonmevalonate Branch of Isoprenoid Biosynthesis
1185660.4.peg.2973	tRNA aminoacylation, Ile
1185660.4.peg.2974	Riboflavin, FMN and FAD metabolism; <br>Riboflavin, FMN and FAD metabolism; <br>Riboflavin, FMN and FAD metabolism in plants; <br>Riboflavin, FMN and FAD metabolism in plants; <br>riboflavin to FAD; <br>riboflavin to FAD
1185660.4.peg.2976	Ribosome SSU bacterial
1185660.4.peg.2978	CBSS-176279.3.peg.868; <br>Ribosome LSU bacterial
1185660.4.peg.2979	CBSS-176279.3.peg.868; <br>Ribosome LSU bacterial
1185660.4.peg.2982	- none -
1185660.4.peg.2984	Acetyl-CoA fermentation to Butyrate; <br>Butanol Biosynthesis; <br>Butyrate metabolism cluster; <br>Fatty acid metabolism cluster; <br>Isoleucine degradation; <br>Polyhydroxybutyrate metabolism; <br>Valine degradation
1185660.4.peg.2992	De Novo Purine Biosynthesis
1185660.4.peg.302	Glutathione: Biosynthesis and gamma-glutamyl cycle
1185660.4.peg.3027	Glycine and Serine Utilization; <br>Glycine cleavage system
1185660.4.peg.3035	5-FCL-like protein; <br>Butanol Biosynthesis; <br>Glycerolipid and Glycerophospholipid Metabolism in Bacteria
1185660.4.peg.3039	Oxidative stress; <br>Protection from Reactive Oxygen Species
1185660.4.peg.305	Purine conversions; <br>Queuosine-Archaeosine Biosynthesis
1185660.4.peg.306	Purine conversions
1185660.4.peg.3063	Protocatechuate branch of beta-ketoadipate pathway
1185660.4.peg.307	Purine Utilization
1185660.4.peg.3070	Heme and Siroheme Biosynthesis; <br>tRNA aminoacylation, Glu and Gln
1185660.4.peg.3096	Entner-Doudoroff Pathway; <br>Glycolysis and Gluconeogenesis; <br>Phosphoglycerate mutase protein family
1185660.4.peg.31	Ammonia assimilation; <br>Glutamine, Glutamate, Aspartate and Asparagine Biosynthesis
1185660.4.peg.3107	- none -
1185660.4.peg.3113	Purine Utilization
1185660.4.peg.3115	5-FCL-like protein; <br>Butanol Biosynthesis; <br>Glycerolipid and Glycerophospholipid Metabolism in Bacteria
1185660.4.peg.3116	DNA repair, bacterial; <br>DNA repair, bacterial RecFOR pathway
1185660.4.peg.3117	Isoprenoid Biosynthesis; <br>Isoprenoid Biosynthesis; <br>Isoprenoid Biosynthesis: Interconversions; <br>Isoprenoinds for Quinones; <br>Isoprenoinds for Quinones; <br>Isoprenoinds for Quinones; <br>Polyprenyl Diphosphate Biosynthesis; <br>Polyprenyl Diphosphate Biosynthesis
1185660.4.peg.3119	Peptidoglycan Biosynthesis; <br>Peptidoglycan biosynthesis--gjo
1185660.4.peg.3122	CBSS-216591.1.peg.168; <br>Lysine Biosynthesis DAP Pathway; <br>Lysine Biosynthesis DAP Pathway; <br>Lysine Biosynthesis DAP Pathway, GJO scratch; <br>Lysine Biosynthesis DAP Pathway, GJO scratch; <br>Threonine and Homoserine Biosynthesis
1185660.4.peg.3128	De Novo Pyrimidine Synthesis
1185660.4.peg.3138	A Hypothetical Protein Related to Proline Metabolism; <br>Proline Synthesis
1185660.4.peg.3151	Arginine Biosynthesis -- gjo; <br>Arginine Biosynthesis extended
1185660.4.peg.3164	- none -
1185660.4.peg.3168	Cell Division Subsystem including YidCD; <br>DNA replication cluster 1
1185660.4.peg.3171	De Novo Purine Biosynthesis
1185660.4.peg.3174	5-FCL-like protein; <br>De Novo Purine Biosynthesis
1185660.4.peg.3178	Thiamin biosynthesis
1185660.4.peg.3179	Thiamin biosynthesis
1185660.4.peg.3193	Maltose and Maltodextrin Utilization
1185660.4.peg.32	Ammonia assimilation; <br>Glutamine, Glutamate, Aspartate and Asparagine Biosynthesis
1185660.4.peg.3200	Pentose phosphate pathway
1185660.4.peg.3201	Glutamate and Aspartate uptake in Bacteria
1185660.4.peg.3213	Peptidoglycan Biosynthesis; <br>Type IV pilus
1185660.4.peg.3216	Glyoxylate bypass; <br>Serine-glyoxylate cycle; <br>TCA Cycle
1185660.4.peg.3217	Ribosome LSU bacterial; <br>Ribosome LSU bacterial
1185660.4.peg.3218	Purine conversions; <br>Queuosine-Archaeosine Biosynthesis
1185660.4.peg.3221	CBSS-176299.4.peg.1292; <br>CBSS-176299.4.peg.1292; <br>Stringent Response, (p)ppGpp metabolism; <br>Stringent Response, (p)ppGpp metabolism
1185660.4.peg.3224	Purine conversions
1185660.4.peg.3230	pyrimidine conversions
1185660.4.peg.3239	5-FCL-like protein; <br>Folate Biosynthesis; <br>One-carbon metabolism by tetrahydropterines; <br>Serine-glyoxylate cycle
1185660.4.peg.3241	D-ribose utilization; <br>Pentose phosphate pathway
1185660.4.peg.3245	5-FCL-like protein; <br>Thiamin biosynthesis
1185660.4.peg.3247	CBSS-196164.1.peg.461; <br>Heme and Siroheme Biosynthesis
1185660.4.peg.325	5-FCL-like protein; <br>One-carbon metabolism by tetrahydropterines
1185660.4.peg.3251	Phenylalanine and Tyrosine Branches from Chorismate
1185660.4.peg.3257	Arginine Biosynthesis -- gjo; <br>Arginine Biosynthesis extended
1185660.4.peg.3265	Purine conversions
1185660.4.peg.3266	Glycolysis and Gluconeogenesis
1185660.4.peg.3270	Phosphate metabolism
1185660.4.peg.3276	- none -
1185660.4.peg.3279	Glutathione: Biosynthesis and gamma-glutamyl cycle
1185660.4.peg.3280	Coenzyme A Biosynthesis
1185660.4.peg.3281	- none -
1185660.4.peg.3282	- none -
1185660.4.peg.3283	Threonine degradation
1185660.4.peg.3284	Leucine Biosynthesis
1185660.4.peg.3285	Leucine Biosynthesis
1185660.4.peg.3286	Leucine Biosynthesis
1185660.4.peg.3294	- none -
1185660.4.peg.3295	KDO2-Lipid A biosynthesis
1185660.4.peg.3296	Arginine and Ornithine Degradation; <br>Polyamine Metabolism
1185660.4.peg.3300	Pyruvate metabolism I: anaplerotic reactions, PEP
1185660.4.peg.3301	Glutamate and Aspartate uptake in Bacteria; <br>Pyruvate metabolism I: anaplerotic reactions, PEP
1185660.4.peg.3316	- none -
1185660.4.peg.3317	Acetyl-CoA fermentation to Butyrate; <br>Polyhydroxybutyrate metabolism; <br>Serine-glyoxylate cycle
1185660.4.peg.3321	- none -
1185660.4.peg.3324	CBSS-216591.1.peg.168; <br>Glutamine, Glutamate, Aspartate and Asparagine Biosynthesis; <br>Threonine and Homoserine Biosynthesis
1185660.4.peg.3339	Bacterial RNA-metabolizing Zn-dependent hydrolases; <br>Conserved gene cluster associated with Met-tRNA formyltransferase; <br>Translation termination factors bacterial
1185660.4.peg.334	5-FCL-like protein; <br>Methionine Biosynthesis; <br>One-carbon metabolism by tetrahydropterines; <br>Serine-glyoxylate cycle
1185660.4.peg.3346	Arginine Biosynthesis -- gjo; <br>Arginine Biosynthesis extended
1185660.4.peg.3347	Aminopeptidases (EC 3.4.11.-)
1185660.4.peg.3352	Cysteine Biosynthesis; <br>Cysteine Biosynthesis; <br>Inorganic Sulfur Assimilation; <br>Inorganic Sulfur Assimilation
1185660.4.peg.3353	Cysteine Biosynthesis; <br>Inorganic Sulfur Assimilation
1185660.4.peg.3354	Cysteine Biosynthesis; <br>Inorganic Sulfur Assimilation
1185660.4.peg.3355	Cysteine Biosynthesis; <br>Inorganic Sulfur Assimilation
1185660.4.peg.3356	Cysteine Biosynthesis; <br>Inorganic Sulfur Assimilation
1185660.4.peg.3364	Cysteine Biosynthesis; <br>Methionine Biosynthesis
1185660.4.peg.3367	Glycolysis and Gluconeogenesis
1185660.4.peg.3369	Entner-Doudoroff Pathway; <br>Glycolysis and Gluconeogenesis; <br>Pyruvate metabolism I: anaplerotic reactions, PEP
1185660.4.peg.337	Alkanesulfonate assimilation; <br>Alkanesulfonates Utilization
1185660.4.peg.3371	2-phosphoglycolate salvage; <br>Glycolate, glyoxylate interconversions
1185660.4.peg.3372	Entner-Doudoroff Pathway; <br>Glycolysis and Gluconeogenesis
1185660.4.peg.3376	Entner-Doudoroff Pathway; <br>Glycolysis and Gluconeogenesis; <br>Pyridoxin (Vitamin B6) Biosynthesis; <br>Redox-dependent regulation of nucleus processes
1185660.4.peg.3381	Beta-lactamase
1185660.4.peg.339	Methionine Biosynthesis
1185660.4.peg.3392	Biotin biosynthesis; <br>Biotin synthesis cluster; <br>Fatty acid metabolism cluster
1185660.4.peg.340	D-Galacturonate and D-Glucuronate Utilization
1185660.4.peg.3404	NAD and NADP cofactor biosynthesis global; <br>Redox-dependent regulation of nucleus processes
1185660.4.peg.3415	Catechol branch of beta-ketoadipate pathway; <br>Leucine Degradation and HMG-CoA Metabolism; <br>Protocatechuate branch of beta-ketoadipate pathway; <br>Serine-glyoxylate cycle
1185660.4.peg.3416	Mannose Metabolism
1185660.4.peg.3417	Mannose Metabolism; <br>Mannose Metabolism
1185660.4.peg.3418	- none -
1185660.4.peg.3419	Rhamnose containing glycans; <br>dTDP-rhamnose synthesis
1185660.4.peg.3420	Rhamnose containing glycans; <br>dTDP-rhamnose synthesis
1185660.4.peg.3421	Rhamnose containing glycans; <br>dTDP-rhamnose synthesis
1185660.4.peg.3422	Rhamnose containing glycans; <br>dTDP-rhamnose synthesis
1185660.4.peg.3428	- none -
1185660.4.peg.3442	NAD and NADP cofactor biosynthesis global
1185660.4.peg.3465	De Novo Purine Biosynthesis; <br>De Novo Purine Biosynthesis
1185660.4.peg.3472	Aminopeptidases (EC 3.4.11.-); <br>CBSS-208964.1.peg.3826; <br>Dehydrogenase complexes
1185660.4.peg.3475	CBSS-208964.1.peg.3826; <br>tRNA aminoacylation, Val
1185660.4.peg.3482	Glycerolipid and Glycerophospholipid Metabolism in Bacteria
1185660.4.peg.3488	Rhamnose containing glycans
1185660.4.peg.3490	Cysteine Biosynthesis; <br>Glycine and Serine Utilization; <br>Methionine Biosynthesis; <br>Methionine Degradation
1185660.4.peg.3491	Cysteine Biosynthesis; <br>Glycine and Serine Utilization; <br>Methionine Biosynthesis; <br>Methionine Degradation
1185660.4.peg.3500	- none -
1185660.4.peg.354	Proline, 4-hydroxyproline uptake and utilization
1185660.4.peg.3568	Cysteine Biosynthesis
1185660.4.peg.3569	- none -
1185660.4.peg.3572	CBSS-312309.3.peg.1965; <br>Translation termination factors bacterial
1185660.4.peg.3578	Fatty Acid Biosynthesis FASII
1185660.4.peg.3581	CBSS-349161.4.peg.2417; <br>Flagellum; <br>Macromolecular synthesis operon; <br>Sigma-B stress response cluster 1; <br>Transcription initiation, bacterial sigma factors
1185660.4.peg.3583	KDO2-Lipid A biosynthesis
1185660.4.peg.3586	Molybdenum cofactor biosynthesis; <br>Riboflavin, FMN and FAD metabolism; <br>Riboflavin, FMN and FAD metabolism; <br>Riboflavin, FMN and FAD metabolism in plants; <br>Riboflavin, FMN and FAD metabolism in plants; <br>Riboflavin synthesis cluster; <br>Riboflavin synthesis cluster; <br>riboflavin to FAD
1185660.4.peg.3594	Conserved gene cluster associated with Met-tRNA formyltransferase; <br>Translation initiation factors bacterial
1185660.4.peg.3595	Bacterial RNA-metabolizing Zn-dependent hydrolases; <br>Conserved gene cluster associated with Met-tRNA formyltransferase; <br>Translation termination factors bacterial
1185660.4.peg.3601	CBSS-272943.3.peg.1367; <br>Conserved gene cluster associated with Met-tRNA formyltransferase; <br>DNA topoisomerases, Type I, ATP-independent
1185660.4.peg.3611	Gentisate degradation; <br>Glutathione: Non-redox reactions; <br>Homogentisate pathway of aromatic compound degradation; <br>Pterin carbinolamine dehydratase; <br>Salicylate and gentisate catabolism
1185660.4.peg.3616	Conserved gene cluster associated with Met-tRNA formyltransferase
1185660.4.peg.3628	- none -
1185660.4.peg.3634	5-FCL-like protein; <br>TCA Cycle
1185660.4.peg.3638	Lysine Biosynthesis DAP Pathway; <br>Lysine Biosynthesis DAP Pathway, GJO scratch
1185660.4.peg.3639	Lysine Biosynthesis DAP Pathway; <br>Lysine Biosynthesis DAP Pathway, GJO scratch
1185660.4.peg.3651	Murein Hydrolases; <br>Recycling of Peptidoglycan Amino Acids; <br>Zinc regulated enzymes
1185660.4.peg.3662	- none -
1185660.4.peg.3663	Folate Biosynthesis; <br>Folate biosynthesis cluster
1185660.4.peg.3665	Macromolecular synthesis operon; <br>Ribosome SSU bacterial
1185660.4.peg.3669	CBSS-349161.4.peg.2417; <br>Macromolecular synthesis operon
1185660.4.peg.3677	- none -
1185660.4.peg.3680	- none -
1185660.4.peg.3682	Proline, 4-hydroxyproline uptake and utilization; <br>Respiratory dehydrogenases 1
1185660.4.peg.3688	Biotin biosynthesis; <br>Biotin biosynthesis Experimental; <br>Biotin synthesis cluster
1185660.4.peg.3692	2-phosphoglycolate salvage; <br>Glycolate, glyoxylate interconversions
1185660.4.peg.3695	Fatty Acid Biosynthesis FASII
1185660.4.peg.3699	- none -
1185660.4.peg.3703	Glutathione: Non-redox reactions; <br>Methylglyoxal Metabolism
1185660.4.peg.3708	Sialic Acid Metabolism; <br>UDP-N-acetylmuramate from Fructose-6-phosphate Biosynthesis
1185660.4.peg.3717	Peptidoglycan Biosynthesis; <br>Peptidoglycan Biosynthesis; <br>Sialic Acid Metabolism; <br>Sialic Acid Metabolism; <br>Transcription repair cluster; <br>Transcription repair cluster; <br>UDP-N-acetylmuramate from Fructose-6-phosphate Biosynthesis; <br>UDP-N-acetylmuramate from Fructose-6-phosphate Biosynthesis
1185660.4.peg.3719	Chorismate Synthesis; <br>Phenylalanine and Tyrosine Branches from Chorismate
1185660.4.peg.3721	- none -
1185660.4.peg.3722	- none -
1185660.4.peg.3723	- none -
1185660.4.peg.3724	- none -
1185660.4.peg.3725	- none -
1185660.4.peg.3732	Pyruvate metabolism II: acetyl-CoA, acetogenesis from pyruvate; <br>TCA Cycle
1185660.4.peg.3734	5-FCL-like protein; <br>Dehydrogenase complexes; <br>Pyruvate metabolism II: acetyl-CoA, acetogenesis from pyruvate
1185660.4.peg.3735	5-FCL-like protein; <br>Dehydrogenase complexes; <br>Pyruvate metabolism II: acetyl-CoA, acetogenesis from pyruvate
1185660.4.peg.3742	Methionine Biosynthesis; <br>Methionine Degradation
1185660.4.peg.3743	Methionine Biosynthesis; <br>Methionine Degradation
1185660.4.peg.375	Fatty Acid Biosynthesis FASII
1185660.4.peg.3753	Fatty Acid Biosynthesis FASII
1185660.4.peg.3755	RNA pseudouridine syntheses
1185660.4.peg.3765	Alanine biosynthesis; <br>Pyruvate Alanine Serine Interconversions
1185660.4.peg.3766	GABA and putrescine metabolism from cluters; <br>Pyruvate Alanine Serine Interconversions; <br>Respiratory dehydrogenases 1
1185660.4.peg.3769	Peptide methionine sulfoxide reductase
1185660.4.peg.3772	tRNA aminoacylation, Tyr
1185660.4.peg.3780	De Novo Pyrimidine Synthesis
1185660.4.peg.3784	Rhamnose containing glycans; <br>dTDP-rhamnose synthesis
1185660.4.peg.3788	Mannose Metabolism
1185660.4.peg.3789	Housecleaning nucleoside triphosphate pyrophosphatases; <br>Nudix proteins (nucleoside triphosphate hydrolases)
1185660.4.peg.3790	Coenzyme A Biosynthesis; <br>Coenzyme A Biosynthesis
1185660.4.peg.3792	tRNA aminoacylation, Arg
1185660.4.peg.3803	Arginine and Ornithine Degradation; <br>Polyamine Metabolism
1185660.4.peg.3804	Polyamine Metabolism
1185660.4.peg.3842	- none -
1185660.4.peg.3858	Aminopeptidases (EC 3.4.11.-)
1185660.4.peg.3862	Oxidative stress; <br>Protection from Reactive Oxygen Species
1185660.4.peg.3879	tRNA aminoacylation, Trp
1185660.4.peg.3883	Arginine and Ornithine Degradation
1185660.4.peg.3888	pyrimidine conversions
1185660.4.peg.392	- none -
1185660.4.peg.3922	Heme and Siroheme Biosynthesis
1185660.4.peg.393	Glycogen metabolism
1185660.4.peg.3934	- none -
1185660.4.peg.3939	Coenzyme A Biosynthesis; <br>Coenzyme A Biosynthesis cluster
1185660.4.peg.396	Glycogen metabolism; <br>Maltose and Maltodextrin Utilization
1185660.4.peg.3977	CBSS-393121.3.peg.1913; <br>DNA repair, bacterial UvrD and related helicases
1185660.4.peg.3978	CBSS-228410.1.peg.134; <br>CBSS-342610.3.peg.1536; <br>Glutathione: Non-redox reactions; <br>Methylglyoxal Metabolism
1185660.4.peg.3980	Cardiolipin synthesis; <br>Glycerolipid and Glycerophospholipid Metabolism in Bacteria
1185660.4.peg.3987	Ribosome LSU bacterial; <br>Ribosome LSU bacterial
1185660.4.peg.3988	Ribosome LSU bacterial
1185660.4.peg.3989	Cobalt-zinc-cadmium resistance
1185660.4.peg.3996	Biotin biosynthesis; <br>Biotin biosynthesis; <br>Biotin synthesis cluster; <br>Biotin synthesis cluster
1185660.4.peg.401	Fatty Acid Biosynthesis FASII
1185660.4.peg.4012	Pyruvate metabolism II: acetyl-CoA, acetogenesis from pyruvate
1185660.4.peg.4025	L-fucose utilization temp; <br>Muconate lactonizing enzyme family
1185660.4.peg.403	CBSS-228410.1.peg.134; <br>CBSS-342610.3.peg.1536; <br>Glutathione: Non-redox reactions; <br>Methylglyoxal Metabolism
1185660.4.peg.4036	D-gluconate and ketogluconates metabolism; <br>Entner-Doudoroff Pathway
1185660.4.peg.4039	- none -
1185660.4.peg.4046	Glycyl-tRNA synthetase; <br>Glycyl-tRNA synthetase containing cluster; <br>tRNA aminoacylation, Gly
1185660.4.peg.4047	Glycyl-tRNA synthetase; <br>Glycyl-tRNA synthetase containing cluster; <br>tRNA aminoacylation, Gly
1185660.4.peg.4053	Purine conversions
1185660.4.peg.4059	Heme and Siroheme Biosynthesis
1185660.4.peg.4064	Xylose utilization
1185660.4.peg.4068	D-Galacturonate and D-Glucuronate Utilization; <br>Maltose and Maltodextrin Utilization
1185660.4.peg.4073	D-Galacturonate and D-Glucuronate Utilization
1185660.4.peg.4079	Glycerolipid and Glycerophospholipid Metabolism in Bacteria; <br>Methylglyoxal Metabolism; <br>Methylglyoxal Metabolism; <br>Pyruvate metabolism II: acetyl-CoA, acetogenesis from pyruvate
1185660.4.peg.4080	Glycerolipid and Glycerophospholipid Metabolism in Bacteria; <br>Methylglyoxal Metabolism; <br>Methylglyoxal Metabolism; <br>Pyruvate metabolism II: acetyl-CoA, acetogenesis from pyruvate
1185660.4.peg.4081	Glycerolipid and Glycerophospholipid Metabolism in Bacteria; <br>Methylglyoxal Metabolism; <br>Methylglyoxal Metabolism; <br>Pyruvate metabolism II: acetyl-CoA, acetogenesis from pyruvate
1185660.4.peg.4083	CBSS-196164.1.peg.461; <br>Heme and Siroheme Biosynthesis
1185660.4.peg.4088	Entner-Doudoroff Pathway
1185660.4.peg.409	Fatty Acid Biosynthesis FASII
1185660.4.peg.4091	Galactosylceramide and Sulfatide metabolism; <br>Lactose utilization
1185660.4.peg.4092	D-Galacturonate and D-Glucuronate Utilization
1185660.4.peg.4095	D-Galacturonate and D-Glucuronate Utilization
1185660.4.peg.4102	Ammonia assimilation; <br>Glutamine, Glutamate, Aspartate and Asparagine Biosynthesis
1185660.4.peg.4105	Glycerolipid and Glycerophospholipid Metabolism in Bacteria
1185660.4.peg.4114	De Novo Pyrimidine Synthesis; <br>Riboflavin synthesis cluster
1185660.4.peg.412	Dehydrogenase complexes; <br>Isoleucine degradation; <br>Leucine Degradation and HMG-CoA Metabolism; <br>Valine degradation
1185660.4.peg.4127	Arginine Biosynthesis -- gjo; <br>Arginine Biosynthesis extended
1185660.4.peg.4131	pyrimidine conversions
1185660.4.peg.414	Dehydrogenase complexes; <br>Isoleucine degradation; <br>Leucine Degradation and HMG-CoA Metabolism; <br>Valine degradation
1185660.4.peg.415	Dehydrogenase complexes; <br>Isoleucine degradation; <br>Leucine Degradation and HMG-CoA Metabolism; <br>Valine degradation
1185660.4.peg.4161	Folate Biosynthesis; <br>Folate biosynthesis cluster; <br>Molybdenum cofactor biosynthesis; <br>Queuosine-Archaeosine Biosynthesis; <br>Zinc regulated enzymes; <br>tRNA modification Bacteria
1185660.4.peg.4173	- none -
1185660.4.peg.418	Aromatic amino acid degradation; <br>NAD and NADP cofactor biosynthesis global
1185660.4.peg.419	Aromatic amino acid degradation; <br>NAD and NADP cofactor biosynthesis global
1185660.4.peg.4194	Oxidative stress; <br>Protection from Reactive Oxygen Species
1185660.4.peg.4204	Chorismate Synthesis; <br>Cluster containing Alanyl-tRNA synthetase; <br>Common Pathway For Synthesis of Aromatic Compounds (DAHP synthase to chorismate)
1185660.4.peg.4208	Heme and Siroheme Biosynthesis; <br>Zinc regulated enzymes
1185660.4.peg.4230	Cobalt-zinc-cadmium resistance
1185660.4.peg.4233	Coenzyme A Biosynthesis
1185660.4.peg.4235	- none -
1185660.4.peg.424	Aromatic amino acid degradation; <br>Homogentisate pathway of aromatic compound degradation; <br>Pterin carbinolamine dehydratase
1185660.4.peg.4241	Ribonucleotide reduction
1185660.4.peg.4242	Ribonucleotide reduction
1185660.4.peg.4248	Zinc regulated enzymes
1185660.4.peg.4250	Entner-Doudoroff Pathway; <br>Pentose phosphate pathway
1185660.4.peg.4257	Cardiolipin synthesis; <br>Glycerolipid and Glycerophospholipid Metabolism in Bacteria
1185660.4.peg.426	Homogentisate pathway of aromatic compound degradation; <br>Pterin carbinolamine dehydratase
1185660.4.peg.4309	De Novo Purine Biosynthesis; <br>De Novo Purine Biosynthesis
1185660.4.peg.4324	De Novo Purine Biosynthesis; <br>De Novo Purine Biosynthesis
1185660.4.peg.4342	Biotin biosynthesis; <br>Biotin biosynthesis Experimental; <br>Biotin synthesis cluster
1185660.4.peg.4372	DNA repair, bacterial; <br>DNA repair, bacterial RecFOR pathway
1185660.4.peg.4396	CBSS-272943.3.peg.1367; <br>Conserved gene cluster associated with Met-tRNA formyltransferase; <br>DNA topoisomerases, Type I, ATP-independent
1185660.4.peg.4401	Rhamnose containing glycans
1185660.4.peg.4403	Cysteine Biosynthesis; <br>Glycine and Serine Utilization; <br>Methionine Biosynthesis; <br>Methionine Degradation
1185660.4.peg.4405	Cysteine Biosynthesis; <br>Glycine and Serine Utilization; <br>Methionine Biosynthesis; <br>Methionine Degradation
1185660.4.peg.4413	Proline, 4-hydroxyproline uptake and utilization
1185660.4.peg.4422	Pyridoxin (Vitamin B6) Biosynthesis
1185660.4.peg.444	De Novo Purine Biosynthesis
1185660.4.peg.4445	Coenzyme A Biosynthesis
1185660.4.peg.449	Chorismate: Intermediate for synthesis of Tryptophan, PAPA antibiotics, PABA, 3-hydroxyanthranilate and more.
1185660.4.peg.450	- none -
1185660.4.peg.4515	CBSS-349161.4.peg.2417; <br>Macromolecular synthesis operon
1185660.4.peg.452	Chorismate: Intermediate for synthesis of Tryptophan, PAPA antibiotics, PABA, 3-hydroxyanthranilate and more.; <br>Chorismate: Intermediate for synthesis of Tryptophan, PAPA antibiotics, PABA, 3-hydroxyanthranilate and more.; <br>Folate Biosynthesis
1185660.4.peg.4522	Fatty Acid Biosynthesis FASII
1185660.4.peg.4523	Arginine and Ornithine Degradation; <br>Polyamine Metabolism
1185660.4.peg.4534	Oxidative stress; <br>Oxidative stress; <br>Protection from Reactive Oxygen Species; <br>Protection from Reactive Oxygen Species
1185660.4.peg.4539	Ribosome LSU bacterial
1185660.4.peg.454	Chorismate: Intermediate for synthesis of Tryptophan, PAPA antibiotics, PABA, 3-hydroxyanthranilate and more.
1185660.4.peg.4540	RNA methylation; <br>Ribosome biogenesis bacterial; <br>tRNA modification Bacteria
1185660.4.peg.4542	Ribosome SSU bacterial
1185660.4.peg.4543	Chorismate: Intermediate for synthesis of Tryptophan, PAPA antibiotics, PABA, 3-hydroxyanthranilate and more.; <br>Folate Biosynthesis
1185660.4.peg.4549	Maltose and Maltodextrin Utilization
1185660.4.peg.455	- none -
1185660.4.peg.4551	- none -
1185660.4.peg.4558	- none -
1185660.4.peg.4561	D-gluconate and ketogluconates metabolism; <br>Entner-Doudoroff Pathway; <br>Respiratory dehydrogenases 1
1185660.4.peg.4566	RNA pseudouridine syntheses; <br>Ribosome biogenesis bacterial
1185660.4.peg.4569	NAD and NADP cofactor biosynthesis global; <br>NAD and NADP cofactor biosynthesis global
1185660.4.peg.457	Polyamine Metabolism
1185660.4.peg.4572	Serine-glyoxylate cycle; <br>TCA Cycle
1185660.4.peg.4573	Serine-glyoxylate cycle; <br>TCA Cycle
1185660.4.peg.459	CBSS-87626.3.peg.3639; <br>Ubiquinone Biosynthesis; <br>Ubiquinone Biosynthesis - gjo
1185660.4.peg.460	Ribosome LSU bacterial
1185660.4.peg.461	Ribosome SSU bacterial
1185660.4.peg.477	Triacylglycerol metabolism
1185660.4.peg.487	Glycerolipid and Glycerophospholipid Metabolism in Bacteria
1185660.4.peg.493	De Novo Purine Biosynthesis
1185660.4.peg.495	5-FCL-like protein; <br>De Novo Purine Biosynthesis; <br>De Novo Purine Biosynthesis
1185660.4.peg.496	BarA-UvrY(SirA) two-component regulatory system; <br>CBSS-316407.3.peg.1371; <br>Glycerolipid and Glycerophospholipid Metabolism in Bacteria
1185660.4.peg.502	Glycerolipid and Glycerophospholipid Metabolism in Bacteria
1185660.4.peg.503	CBSS-316407.3.peg.1371; <br>Glycerolipid and Glycerophospholipid Metabolism in Bacteria
1185660.4.peg.511	Fatty Acid Biosynthesis FASII
1185660.4.peg.513	Fatty Acid Biosynthesis FASII
1185660.4.peg.514	Chorismate Synthesis; <br>Common Pathway For Synthesis of Aromatic Compounds (DAHP synthase to chorismate); <br>Quinate degradation
1185660.4.peg.516	Biogenesis of c-type cytochromes; <br>Periplasmic disulfide interchange
1185660.4.peg.524	Chorismate Synthesis; <br>Common Pathway For Synthesis of Aromatic Compounds (DAHP synthase to chorismate)
1185660.4.peg.528	Entner-Doudoroff Pathway
1185660.4.peg.542	Malonate decarboxylase
1185660.4.peg.543	Malonate decarboxylase
1185660.4.peg.544	Malonate decarboxylase
1185660.4.peg.545	Malonate decarboxylase
1185660.4.peg.546	Malonate decarboxylase
1185660.4.peg.547	Malonate decarboxylase
1185660.4.peg.548	Malonate decarboxylase
1185660.4.peg.559	5-FCL-like protein; <br>Dehydrogenase complexes; <br>Methionine Degradation; <br>Pyruvate metabolism II: acetyl-CoA, acetogenesis from pyruvate
1185660.4.peg.580	CBSS-349161.4.peg.2417; <br>Macromolecular synthesis operon
1185660.4.peg.596	Thioredoxin-disulfide reductase; <br>pyrimidine conversions
1185660.4.peg.604	Glycine and Serine Utilization; <br>Pyruvate Alanine Serine Interconversions
1185660.4.peg.609	- none -
1185660.4.peg.620	Cysteine Biosynthesis
1185660.4.peg.633	Phenylpropionate Degradation
1185660.4.peg.638	Glycerol and Glycerol-3-phosphate Uptake and Utilization; <br>Glycerolipid and Glycerophospholipid Metabolism in Bacteria
1185660.4.peg.639	Glycerol and Glycerol-3-phosphate Uptake and Utilization; <br>Osmoregulation
1185660.4.peg.640	Glycerol and Glycerol-3-phosphate Uptake and Utilization; <br>Glycerolipid and Glycerophospholipid Metabolism in Bacteria; <br>Respiratory dehydrogenases 1
1185660.4.peg.646	Heme and Siroheme Biosynthesis
1185660.4.peg.655	CBSS-216591.1.peg.168; <br>Glutamine, Glutamate, Aspartate and Asparagine Biosynthesis; <br>Threonine and Homoserine Biosynthesis
1185660.4.peg.659	CBSS-84588.1.peg.1247; <br>Lysine Biosynthesis DAP Pathway; <br>Lysine Biosynthesis DAP Pathway, GJO scratch
1185660.4.peg.664	Creatine and Creatinine Degradation; <br>pyrimidine conversions
1185660.4.peg.668	Menaquinone and Phylloquinone Biosynthesis; <br>Ubiquinone Biosynthesis; <br>Ubiquinone Biosynthesis - gjo
1185660.4.peg.673	Respiratory dehydrogenases 1
1185660.4.peg.676	Glutathione-dependent pathway of formaldehyde detoxification
1185660.4.peg.677	Glutathione-dependent pathway of formaldehyde detoxification
1185660.4.peg.7	Pyridoxin (Vitamin B6) Biosynthesis
1185660.4.peg.705	CBSS-216591.1.peg.168; <br>NAD and NADP cofactor biosynthesis global; <br>NAD and NADP cofactor biosynthesis global; <br>Nudix proteins (nucleoside triphosphate hydrolases)
1185660.4.peg.706	NAD and NADP cofactor biosynthesis global
1185660.4.peg.709	Acetyl-CoA fermentation to Butyrate; <br>Butanol Biosynthesis; <br>Butyrate metabolism cluster; <br>Chloroaromatic degradation pathway; <br>Isoprenoid Biosynthesis; <br>Polyhydroxybutyrate metabolism; <br>Protocatechuate branch of beta-ketoadipate pathway; <br>Serine-glyoxylate cycle
1185660.4.peg.710	Protocatechuate branch of beta-ketoadipate pathway
1185660.4.peg.711	Protocatechuate branch of beta-ketoadipate pathway
1185660.4.peg.715	D-gluconate and ketogluconates metabolism; <br>Pentose phosphate pathway
1185660.4.peg.721	Folate Biosynthesis; <br>Folate biosynthesis cluster
1185660.4.peg.722	Folate Biosynthesis
1185660.4.peg.727	Proline, 4-hydroxyproline uptake and utilization
1185660.4.peg.746	Chitin and N-acetylglucosamine utilization
1185660.4.peg.747	Chitin and N-acetylglucosamine utilization; <br>Sialic Acid Metabolism
1185660.4.peg.749	Polyadenylation bacterial; <br>tRNA nucleotidyltransferase
1185660.4.peg.751	Choline and Betaine Uptake and Betaine Biosynthesis; <br>Choline uptake and conversion to betaine clusters
1185660.4.peg.752	Choline and Betaine Uptake and Betaine Biosynthesis; <br>Choline uptake and conversion to betaine clusters
1185660.4.peg.753	Choline and Betaine Uptake and Betaine Biosynthesis; <br>Choline uptake and conversion to betaine clusters
1185660.4.peg.760	Glutathione: Biosynthesis and gamma-glutamyl cycle
1185660.4.peg.767	Glutathione-dependent pathway of formaldehyde detoxification
1185660.4.peg.769	Glutathione-dependent pathway of formaldehyde detoxification
1185660.4.peg.772	5-FCL-like protein; <br>Glycine Biosynthesis; <br>Glycine and Serine Utilization; <br>Serine-glyoxylate cycle; <br>Serine Biosynthesis
1185660.4.peg.774	Arginine Biosynthesis -- gjo; <br>Arginine Biosynthesis extended
1185660.4.peg.775	Riboflavin, FMN and FAD metabolism; <br>Riboflavin, FMN and FAD metabolism; <br>Riboflavin, FMN and FAD metabolism in plants; <br>Riboflavin, FMN and FAD metabolism in plants; <br>Riboflavin synthesis cluster; <br>Riboflavin synthesis cluster
1185660.4.peg.777	Riboflavin, FMN and FAD metabolism; <br>Riboflavin, FMN and FAD metabolism in plants; <br>Riboflavin synthesis cluster; <br>riboflavin to FAD
1185660.4.peg.778	Molybdenum cofactor biosynthesis; <br>Riboflavin, FMN and FAD metabolism; <br>Riboflavin, FMN and FAD metabolism; <br>Riboflavin, FMN and FAD metabolism in plants; <br>Riboflavin, FMN and FAD metabolism in plants; <br>Riboflavin synthesis cluster; <br>Riboflavin synthesis cluster; <br>riboflavin to FAD
1185660.4.peg.779	Riboflavin, FMN and FAD metabolism; <br>Riboflavin, FMN and FAD metabolism in plants; <br>Riboflavin synthesis cluster
1185660.4.peg.78	CBSS-176299.4.peg.1996A; <br>Glycerol and Glycerol-3-phosphate Uptake and Utilization
1185660.4.peg.781	5-FCL-like protein; <br>Riboflavin synthesis cluster; <br>Thiamin biosynthesis
1185660.4.peg.785	Potassium homeostasis
1185660.4.peg.786	Potassium homeostasis
1185660.4.peg.787	Potassium homeostasis
1185660.4.peg.798	Protocatechuate branch of beta-ketoadipate pathway
1185660.4.peg.799	Catechol branch of beta-ketoadipate pathway; <br>Chloroaromatic degradation pathway; <br>Protocatechuate branch of beta-ketoadipate pathway
1185660.4.peg.800	Protocatechuate branch of beta-ketoadipate pathway
1185660.4.peg.811	CBSS-349161.4.peg.2417; <br>Macromolecular synthesis operon
1185660.4.peg.817	Peptidoglycan Biosynthesis; <br>Peptidoglycan biosynthesis--gjo
1185660.4.peg.818	Peptidoglycan Biosynthesis; <br>Peptidoglycan biosynthesis--gjo
1185660.4.peg.819	Peptidoglycan Biosynthesis
1185660.4.peg.820	Peptidoglycan Biosynthesis; <br>cell division core of larger cluster
1185660.4.peg.821	Peptidoglycan Biosynthesis; <br>Peptidoglycan biosynthesis--gjo; <br>cell division cluster containing FtsQ
1185660.4.peg.826	KDO2-Lipid A biosynthesis
1185660.4.peg.833	5-FCL-like protein; <br>Methionine Biosynthesis; <br>One-carbon metabolism by tetrahydropterines; <br>Serine-glyoxylate cycle
1185660.4.peg.84	Cell Division Subsystem including YidCD; <br>RNA modification cluster; <br>tRNA processing
1185660.4.peg.847	Methionine Biosynthesis; <br>Methionine Degradation
1185660.4.peg.85	Cell Division Subsystem including YidCD; <br>RNA modification cluster; <br>Ribosome LSU bacterial
1185660.4.peg.850	Pyruvate metabolism I: anaplerotic reactions, PEP
1185660.4.peg.859	Methionine Biosynthesis; <br>Methionine Degradation
1185660.4.peg.865	D-ribose utilization
1185660.4.peg.866	- none -
1185660.4.peg.87	Cell Division Subsystem including YidCD; <br>DNA replication cluster 1
1185660.4.peg.873	Taurine Utilization
1185660.4.peg.874	Taurine Utilization
1185660.4.peg.875	Taurine Utilization
1185660.4.peg.876	Alkanesulfonate assimilation; <br>Taurine Utilization
1185660.4.peg.88	Cell Division Subsystem including YidCD; <br>DNA replication cluster 1
1185660.4.peg.885	Glycerolipid and Glycerophospholipid Metabolism in Bacteria; <br>Riboflavin synthesis cluster
1185660.4.peg.890	Folate Biosynthesis; <br>pyrimidine conversions
1185660.4.peg.892	5-FCL-like protein; <br>Folate Biosynthesis
1185660.4.peg.895	ECSIG4-SIG7; <br>Pyridoxin (Vitamin B6) Biosynthesis
1185660.4.peg.9	Cardiolipin synthesis; <br>Glycerolipid and Glycerophospholipid Metabolism in Bacteria
1185660.4.peg.90	Cell Division Subsystem including YidCD; <br>DNA gyrase subunits; <br>DNA replication cluster 1; <br>DNA topoisomerases, Type II, ATP-dependent; <br>Resistance to fluoroquinolones
1185660.4.peg.901	CBSS-87626.3.peg.3639; <br>Ubiquinone Biosynthesis; <br>Ubiquinone Biosynthesis - gjo
1185660.4.peg.902	CBSS-87626.3.peg.3639; <br>Ubiquinone Biosynthesis; <br>Ubiquinone Biosynthesis - gjo
1185660.4.peg.903	Catechol branch of beta-ketoadipate pathway; <br>Chloroaromatic degradation pathway; <br>Protocatechuate branch of beta-ketoadipate pathway
1185660.4.peg.905	Catechol branch of beta-ketoadipate pathway; <br>Chloroaromatic degradation pathway; <br>Protocatechuate branch of beta-ketoadipate pathway
1185660.4.peg.907	Protocatechuate branch of beta-ketoadipate pathway
1185660.4.peg.910	Menaquinone and Phylloquinone Biosynthesis
1185660.4.peg.911	Glycerolipid and Glycerophospholipid Metabolism in Bacteria; <br>Methylglyoxal Metabolism; <br>Methylglyoxal Metabolism; <br>Pyruvate metabolism II: acetyl-CoA, acetogenesis from pyruvate
1185660.4.peg.912	Acetyl-CoA fermentation to Butyrate; <br>Butanol Biosynthesis; <br>Butyrate metabolism cluster; <br>Fatty acid metabolism cluster; <br>Isoleucine degradation; <br>Polyhydroxybutyrate metabolism; <br>Valine degradation
1185660.4.peg.916	- none -
1185660.4.peg.917	- none -
1185660.4.peg.930	Peptide methionine sulfoxide reductase
1185660.4.peg.933	Fructose utilization; <br>Pentose phosphate pathway
1185660.4.peg.941	CBSS-216591.1.peg.168; <br>NAD and NADP cofactor biosynthesis global; <br>Nudix proteins (nucleoside triphosphate hydrolases)
1185660.4.peg.945	pyrimidine conversions
1185660.4.peg.946	Phosphate metabolism
1185660.4.peg.950	Phosphate metabolism
1185660.4.peg.953	Alanine biosynthesis; <br>Isoleucine degradation; <br>Leucine Biosynthesis; <br>Leucine Degradation and HMG-CoA Metabolism; <br>Pyruvate Alanine Serine Interconversions; <br>Valine degradation
1185660.4.peg.959	Glutamine, Glutamate, Aspartate and Asparagine Biosynthesis
1185660.4.peg.966	Pyruvate metabolism II: acetyl-CoA, acetogenesis from pyruvate
1185660.4.peg.974	A Gammaproteobacteria Cluster Relating to Translation; <br>Heme and Siroheme Biosynthesis
1185660.4.peg.977	A Gammaproteobacteria Cluster Relating to Translation; <br>Isoprenoid Biosynthesis; <br>Nonmevalonate Branch of Isoprenoid Biosynthesis
1185660.4.peg.978	A Gammaproteobacteria Cluster Relating to Translation; <br>De Novo Purine Biosynthesis; <br>Pentose phosphate pathway; <br>Transcription repair cluster
1185660.4.peg.987	LSU ribosomal proteins cluster; <br>Ribosome LSU bacterial
1185660.4.peg.988	LSU ribosomal proteins cluster; <br>Ribosome LSU bacterial
1185660.4.peg.989	LSU ribosomal proteins cluster; <br>Ribosome LSU bacterial
1185660.4.peg.99	D-Galacturonate and D-Glucuronate Utilization; <br>D-gluconate and ketogluconates metabolism; <br>Entner-Doudoroff Pathway
1185660.4.peg.990	Mycobacterium virulence operon involved in DNA transcription; <br>RNA polymerase bacterial
1185660.4.peg.991	Mycobacterium virulence operon involved in DNA transcription; <br>RNA polymerase bacterial
1185660.4.peg.992	Mycobacterium virulence operon involved in protein synthesis (SSU ribosomal proteins); <br>Ribosomal protein S12p Asp methylthiotransferase; <br>Ribosome SSU bacterial
1185660.4.peg.993	Mycobacterium virulence operon involved in protein synthesis (SSU ribosomal proteins); <br>Ribosome SSU bacterial
1185660.4.peg.999	Ribosome SSU bacterial
